Instance;Repetition;Algorithm;Fitness;Real_Time
N-be75eec;3;Gradient_100_0.1_superlinear;234256;15.7241
N-be75eec;11;Gradient_100_0.1_superlinear;234117;16.3012
N-be75eec;16;Gradient_100_0.1_superlinear;234138;16.4349
N-be75np;16;Gradient_100_0.1_superlinear;715808;15.6581
N-be75oi;2;Gradient_100_0.1_superlinear;110883;15.3745
N-be75np;7;Gradient_100_0.1_superlinear;715265;13.7563
N-be75tot;11;Gradient_100_0.1_superlinear;977049;13.8409
N-be75np;9;Gradient_100_0.1_superlinear;713868;13.8749
N-be75oi;7;Gradient_100_0.1_superlinear;110883;15.9405
N-be75tot;15;Gradient_100_0.1_superlinear;978803;14.1164
N-be75np;12;Gradient_100_0.1_superlinear;715593;15.6788
N-be75tot;20;Gradient_100_0.1_superlinear;978740;13.7034
N-be75eec;17;Gradient_100_0.1_superlinear;234181;16.3457
N-be75eec;2;Gradient_100_0.1_superlinear;234063;15.7131
N-be75tot;6;Gradient_100_0.1_superlinear;976889;14.0069
N-be75eec;5;Gradient_100_0.1_superlinear;234112;15.5415
N-be75np;1;Gradient_100_0.1_superlinear;714335;13.6346
N-be75np;2;Gradient_100_0.1_superlinear;713813;13.8729
N-be75oi;12;Gradient_100_0.1_superlinear;110859;16.1387
N-be75oi;8;Gradient_100_0.1_superlinear;110877;15.9166
N-be75tot;3;Gradient_100_0.1_superlinear;979040;14.1139
N-be75eec;19;Gradient_100_0.1_superlinear;234099;16.3604
N-be75eec;1;Gradient_100_0.1_superlinear;234259;16.4539
N-be75np;15;Gradient_100_0.1_superlinear;713254;15.63
N-be75np;3;Gradient_100_0.1_superlinear;713661;13.6994
N-be75np;17;Gradient_100_0.1_superlinear;715792;15.8258
N-be75oi;15;Gradient_100_0.1_superlinear;110882;15.9449
N-be75eec;13;Gradient_100_0.1_superlinear;234171;16.3739
N-be75tot;14;Gradient_100_0.1_superlinear;975121;13.9237
N-be75oi;4;Gradient_100_0.1_superlinear;110810;15.3187
N-be75np;10;Gradient_100_0.1_superlinear;712847;13.8298
N-be75np;8;Gradient_100_0.1_superlinear;715662;13.8447
N-be75oi;20;Gradient_100_0.1_superlinear;110894;15.9319
N-t59b11xx;5;Gradient_100_0.1_superlinear;208270;7.81652
N-be75tot;9;Gradient_100_0.1_superlinear;978566;13.9821
N-be75tot;19;Gradient_100_0.1_superlinear;979086;14.0792
N-be75np;5;Gradient_100_0.1_superlinear;713326;13.746
N-be75tot;5;Gradient_100_0.1_superlinear;976501;14.05
N-be75tot;17;Gradient_100_0.1_superlinear;976911;14.0462
N-be75np;18;Gradient_100_0.1_superlinear;715770;15.8814
N-be75tot;2;Gradient_100_0.1_superlinear;978572;14.1035
N-stabu74;11;Gradient_100_0.1_superlinear;538572;31.1907
N-stabu74;19;Gradient_100_0.1_superlinear;538119;31.3451
N-stabu70;15;Gradient_100_0.1_superlinear;360681;29.6171
N-stabu70;8;Gradient_100_0.1_superlinear;359341;29.6681
N-be75oi;10;Gradient_100_0.1_superlinear;110844;15.9144
N-be75oi;16;Gradient_100_0.1_superlinear;110892;16.0362
N-stabu70;17;Gradient_100_0.1_superlinear;359925;31.0714
N-be75eec;4;Gradient_100_0.1_superlinear;234093;15.6878
N-be75np;19;Gradient_100_0.1_superlinear;713284;15.6336
N-be75np;6;Gradient_100_0.1_superlinear;714994;13.6715
N-stabu74;4;Gradient_100_0.1_superlinear;537253;29.5133
N-be75eec;12;Gradient_100_0.1_superlinear;234181;16.3484
N-stabu74;16;Gradient_100_0.1_superlinear;537259;31.2243
N-be75np;20;Gradient_100_0.1_superlinear;715093;15.6752
N-be75eec;14;Gradient_100_0.1_superlinear;234196;16.4653
N-be75tot;12;Gradient_100_0.1_superlinear;976776;14.1887
N-stabu74;8;Gradient_100_0.1_superlinear;536549;31.166
N-be75oi;14;Gradient_100_0.1_superlinear;110883;15.9464
N-t59b11xx;7;Gradient_100_0.1_superlinear;208270;9.43915
N-be75eec;7;Gradient_100_0.1_superlinear;234193;15.5292
N-be75oi;1;Gradient_100_0.1_superlinear;110864;15.6241
N-t59b11xx;8;Gradient_100_0.1_superlinear;208240;7.8147
N-be75eec;10;Gradient_100_0.1_superlinear;234140;16.2756
N-be75eec;9;Gradient_100_0.1_superlinear;234218;16.3149
N-be75tot;8;Gradient_100_0.1_superlinear;977096;14.0377
N-be75tot;7;Gradient_100_0.1_superlinear;978638;14.0544
N-be75tot;18;Gradient_100_0.1_superlinear;976793;14.0202
N-be75tot;10;Gradient_100_0.1_superlinear;975317;14.0677
N-be75eec;18;Gradient_100_0.1_superlinear;234081;16.3714
N-be75oi;3;Gradient_100_0.1_superlinear;110863;15.4604
N-be75np;4;Gradient_100_0.1_superlinear;715147;13.824
N-be75tot;1;Gradient_100_0.1_superlinear;977441;16.9932
N-be75eec;8;Gradient_100_0.1_superlinear;234146;16.2781
N-be75tot;4;Gradient_100_0.1_superlinear;978562;13.9881
N-t59b11xx;3;Gradient_100_0.1_superlinear;208360;7.71003
N-stabu74;6;Gradient_100_0.1_superlinear;536200;30.8924
N-be75oi;11;Gradient_100_0.1_superlinear;110828;15.857
N-be75oi;18;Gradient_100_0.1_superlinear;110886;16.922
N-be75oi;6;Gradient_100_0.1_superlinear;110911;16.0751
N-stabu75;13;Gradient_100_0.1_superlinear;550209;31.1071
N-be75eec;15;Gradient_100_0.1_superlinear;234193;16.4045
N-stabu70;19;Gradient_100_0.1_superlinear;359626;31.015
N-stabu74;10;Gradient_100_0.1_superlinear;536751;31.0285
N-stabu74;7;Gradient_100_0.1_superlinear;537657;31.2411
N-t59b11xx;10;Gradient_100_0.1_superlinear;208290;8.29117
N-stabu70;4;Gradient_100_0.1_superlinear;359966;25.7701
N-stabu75;12;Gradient_100_0.1_superlinear;548152;31.2453
N-be75eec;6;Gradient_100_0.1_superlinear;234076;15.5038
N-be75eec;20;Gradient_100_0.1_superlinear;234607;16.4897
N-be75np;13;Gradient_100_0.1_superlinear;713800;15.5672
N-t59b11xx;2;Gradient_100_0.1_superlinear;208320;9.81188
N-be75oi;13;Gradient_100_0.1_superlinear;110887;15.9625
N-t59b11xx;4;Gradient_100_0.1_superlinear;208270;9.38877
N-be75oi;9;Gradient_100_0.1_superlinear;110871;16.1117
N-be75tot;13;Gradient_100_0.1_superlinear;978234;13.9633
N-stabu74;15;Gradient_100_0.1_superlinear;538169;30.8834
N-stabu74;17;Gradient_100_0.1_superlinear;538172;31.1912
N-be75np;14;Gradient_100_0.1_superlinear;713713;15.7064
N-stabu75;9;Gradient_100_0.1_superlinear;549566;30.9277
N-be75oi;19;Gradient_100_0.1_superlinear;109831;16.1444
N-be75tot;16;Gradient_100_0.1_superlinear;976415;14.0606
N-stabu75;5;Gradient_100_0.1_superlinear;547929;30.7671
N-stabu75;3;Gradient_100_0.1_superlinear;550303;31.38
N-stabu70;1;Gradient_100_0.1_superlinear;359746;25.5945
N-be75np;11;Gradient_100_0.1_superlinear;713874;15.8677
N-stabu75;10;Gradient_100_0.1_superlinear;547360;30.9247
N-stabu75;4;Gradient_100_0.1_superlinear;548063;30.9084
N-stabu74;1;Gradient_100_0.1_superlinear;538031;29.5655
N-be75oi;5;Gradient_100_0.1_superlinear;110889;15.948
N-t59b11xx;17;Gradient_100_0.1_superlinear;208350;9.42585
N-t59d11xx;14;Gradient_100_0.1_superlinear;144687;9.33039
N-stabu74;9;Gradient_100_0.1_superlinear;537929;31.2048
N-t59f11xx;1;Gradient_100_0.1_superlinear;122464;9.49261
N-stabu75;11;Gradient_100_0.1_superlinear;549731;30.8117
N-t59b11xx;6;Gradient_100_0.1_superlinear;208280;9.58897
N-stabu74;5;Gradient_100_0.1_superlinear;536741;29.564
N-t59d11xx;11;Gradient_100_0.1_superlinear;147279;8.20103
N-be75oi;17;Gradient_100_0.1_superlinear;110858;16.0851
N-t59b11xx;18;Gradient_100_0.1_superlinear;208330;8.26778
N-t59d11xx;1;Gradient_100_0.1_superlinear;146620;9.78692
N-stabu70;18;Gradient_100_0.1_superlinear;359834;31.0782
N-stabu70;20;Gradient_100_0.1_superlinear;359028;31.0545
N-t59d11xx;7;Gradient_100_0.1_superlinear;144637;9.32694
N-stabu70;3;Gradient_100_0.1_superlinear;359606;25.6583
N-stabu75;7;Gradient_100_0.1_superlinear;550137;30.9759
N-t59d11xx;6;Gradient_100_0.1_superlinear;146654;8.14688
N-t59d11xx;12;Gradient_100_0.1_superlinear;147279;7.84245
N-t59f11xx;10;Gradient_100_0.1_superlinear;122465;9.78003
N-t59d11xx;4;Gradient_100_0.1_superlinear;146654;9.31896
N-stabu70;13;Gradient_100_0.1_superlinear;359751;29.6115
N-t59d11xx;10;Gradient_100_0.1_superlinear;144685;7.60722
N-stabu75;19;Gradient_100_0.1_superlinear;549732;25.2069
N-stabu75;20;Gradient_100_0.1_superlinear;549928;25.2885
N-t59d11xx;15;Gradient_100_0.1_superlinear;147354;8.1916
N-stabu70;12;Gradient_100_0.1_superlinear;359100;29.4505
N-t59b11xx;1;Gradient_100_0.1_superlinear;208310;7.74889
N-t59d11xx;2;Gradient_100_0.1_superlinear;144637;9.294
N-t59i11xx;5;Gradient_100_0.1_superlinear;8257102;9.37772
N-t59d11xx;19;Gradient_100_0.1_superlinear;144640;9.23506
N-t59i11xx;20;Gradient_100_0.1_superlinear;8257887;8.20508
N-stabu74;18;Gradient_100_0.1_superlinear;537969;31.2405
N-t59b11xx;15;Gradient_100_0.1_superlinear;208290;9.41068
N-t59i11xx;10;Gradient_100_0.1_superlinear;8257653;7.62352
N-t59d11xx;13;Gradient_100_0.1_superlinear;146654;7.58732
N-t59b11xx;13;Gradient_100_0.1_superlinear;208280;9.88571
N-t59f11xx;3;Gradient_100_0.1_superlinear;122456;9.42124
N-stabu75;6;Gradient_100_0.1_superlinear;549658;31.0984
N-t59b11xx;12;Gradient_100_0.1_superlinear;208300;9.83582
N-stabu74;13;Gradient_100_0.1_superlinear;536009;30.8119
N-stabu75;1;Gradient_100_0.1_superlinear;550074;30.9953
N-stabu70;9;Gradient_100_0.1_superlinear;359740;29.4006
N-stabu70;7;Gradient_100_0.1_superlinear;360782;29.5319
N-stabu70;10;Gradient_100_0.1_superlinear;359154;29.664
N-stabu70;2;Gradient_100_0.1_superlinear;359674;25.6655
N-t59b11xx;9;Gradient_100_0.1_superlinear;208240;9.46207
N-stabu70;6;Gradient_100_0.1_superlinear;359652;29.7462
N-t59n11xx;10;Gradient_100_0.1_superlinear;20862;7.82695
N-stabu75;2;Gradient_100_0.1_superlinear;547976;30.9123
N-stabu70;5;Gradient_100_0.1_superlinear;359499;29.6217
N-t59n11xx;12;Gradient_100_0.1_superlinear;20869;9.37196
N-t59f11xx;12;Gradient_100_0.1_superlinear;122356;9.71296
N-stabu74;20;Gradient_100_0.1_superlinear;536569;31.1728
N-t59n11xx;1;Gradient_100_0.1_superlinear;20870;7.70274
N-t59i11xx;7;Gradient_100_0.1_superlinear;8259924;9.76062
N-t59n11xx;4;Gradient_100_0.1_superlinear;20866;9.56319
N-t59n11xx;18;Gradient_100_0.1_superlinear;20872;9.66855
N-stabu74;3;Gradient_100_0.1_superlinear;536917;29.4865
N-stabu70;14;Gradient_100_0.1_superlinear;359070;29.5548
N-t59f11xx;13;Gradient_100_0.1_superlinear;122473;9.76382
N-t59b11xx;20;Gradient_100_0.1_superlinear;208320;10.848
N-t65b11xx;4;Gradient_100_0.1_superlinear;353026;9.97925
N-stabu70;16;Gradient_100_0.1_superlinear;359666;30.9214
N-stabu75;15;Gradient_100_0.1_superlinear;549540;30.8802
N-stabu74;12;Gradient_100_0.1_superlinear;536669;31.1704
N-t59d11xx;16;Gradient_100_0.1_superlinear;146644;9.38299
N-t59i11xx;6;Gradient_100_0.1_superlinear;8257350;8.05172
N-stabu70;11;Gradient_100_0.1_superlinear;359560;29.7332
N-t59n11xx;2;Gradient_100_0.1_superlinear;20871;9.75158
N-stabu74;2;Gradient_100_0.1_superlinear;537925;29.8662
N-t59b11xx;11;Gradient_100_0.1_superlinear;208310;8.26933
N-t59b11xx;19;Gradient_100_0.1_superlinear;208290;9.41231
N-t59n11xx;7;Gradient_100_0.1_superlinear;20868;9.80903
N-t65b11xx;2;Gradient_100_0.1_superlinear;354135;10.1096
N-t59n11xx;13;Gradient_100_0.1_superlinear;20861;9.40424
N-t59d11xx;3;Gradient_100_0.1_superlinear;146620;7.91068
N-t59d11xx;17;Gradient_100_0.1_superlinear;146665;9.5281
N-stabu74;14;Gradient_100_0.1_superlinear;536256;31.0248
N-t59d11xx;9;Gradient_100_0.1_superlinear;147096;8.16833
N-t65b11xx;12;Gradient_100_0.1_superlinear;354696;8.32982
N-t59b11xx;14;Gradient_100_0.1_superlinear;208350;8.34566
N-t59n11xx;3;Gradient_100_0.1_superlinear;20857;9.3601
N-t59d11xx;20;Gradient_100_0.1_superlinear;146644;9.7454
N-t65b11xx;10;Gradient_100_0.1_superlinear;354675;9.66389
N-t59i11xx;17;Gradient_100_0.1_superlinear;8257907;9.6867
N-t59n11xx;16;Gradient_100_0.1_superlinear;20869;7.75371
N-t59i11xx;3;Gradient_100_0.1_superlinear;8259943;7.71362
N-t59f11xx;8;Gradient_100_0.1_superlinear;122457;9.6096
N-t65d11xx;5;Gradient_100_0.1_superlinear;235941;9.50041
N-stabu75;8;Gradient_100_0.1_superlinear;547496;30.8617
N-t59n11xx;6;Gradient_100_0.1_superlinear;20859;9.8644
N-stabu75;16;Gradient_100_0.1_superlinear;548019;29.8259
N-t65b11xx;7;Gradient_100_0.1_superlinear;355050;9.79265
N-t65d11xx;13;Gradient_100_0.1_superlinear;236972;9.48148
N-t59i11xx;13;Gradient_100_0.1_superlinear;8260170;9.77214
N-t59i11xx;4;Gradient_100_0.1_superlinear;8257483;9.52975
N-t59i11xx;11;Gradient_100_0.1_superlinear;8257694;9.67263
N-t59b11xx;16;Gradient_100_0.1_superlinear;208350;9.87758
N-t59f11xx;6;Gradient_100_0.1_superlinear;122393;9.38918
N-t59n11xx;20;Gradient_100_0.1_superlinear;20862;9.45668
N-t59f11xx;15;Gradient_100_0.1_superlinear;122472;9.43158
N-t59n11xx;8;Gradient_100_0.1_superlinear;20862;9.34547
N-t65f11xx;10;Gradient_100_0.1_superlinear;215948;7.84287
N-t65f11xx;11;Gradient_100_0.1_superlinear;216032;7.87251
N-t59d11xx;8;Gradient_100_0.1_superlinear;147098;7.56539
N-stabu75;17;Gradient_100_0.1_superlinear;549321;29.6062
N-t59i11xx;14;Gradient_100_0.1_superlinear;8257831;9.79914
N-t65d11xx;2;Gradient_100_0.1_superlinear;236790;7.87543
N-t65b11xx;18;Gradient_100_0.1_superlinear;353765;10.1871
N-t59d11xx;5;Gradient_100_0.1_superlinear;146653;7.99384
N-t65b11xx;6;Gradient_100_0.1_superlinear;355052;9.76259
N-t59f11xx;11;Gradient_100_0.1_superlinear;122445;8.02851
N-t59i11xx;16;Gradient_100_0.1_superlinear;8257959;9.31299
N-t65d11xx;4;Gradient_100_0.1_superlinear;236971;9.48763
N-t59f11xx;17;Gradient_100_0.1_superlinear;122486;8.24385
N-t59i11xx;15;Gradient_100_0.1_superlinear;8258141;9.62034
N-t59f11xx;5;Gradient_100_0.1_superlinear;122369;8.0659
N-t65b11xx;19;Gradient_100_0.1_superlinear;353991;7.88562
N-t59n11xx;9;Gradient_100_0.1_superlinear;20870;9.82348
N-t59f11xx;14;Gradient_100_0.1_superlinear;122366;9.17019
N-t65f11xx;13;Gradient_100_0.1_superlinear;216103;9.42903
N-t59i11xx;2;Gradient_100_0.1_superlinear;8257522;8.11076
N-t59f11xx;4;Gradient_100_0.1_superlinear;122462;9.37937
N-t65f11xx;6;Gradient_100_0.1_superlinear;216164;9.42386
N-t59f11xx;16;Gradient_100_0.1_superlinear;122482;9.43999
N-t65i11xx;8;Gradient_100_0.1_superlinear;14455485;10.1649
N-t59n11xx;15;Gradient_100_0.1_superlinear;20870;9.76769
N-t59f11xx;9;Gradient_100_0.1_superlinear;122471;9.37245
N-t65b11xx;17;Gradient_100_0.1_superlinear;354659;9.98211
N-t59i11xx;1;Gradient_100_0.1_superlinear;8260157;8.19904
N-t59n11xx;11;Gradient_100_0.1_superlinear;20870;9.42433
N-t65i11xx;17;Gradient_100_0.1_superlinear;14451979;10.1089
N-t59f11xx;7;Gradient_100_0.1_superlinear;122457;9.80388
N-t59f11xx;2;Gradient_100_0.1_superlinear;122481;9.73801
N-stabu75;14;Gradient_100_0.1_superlinear;548007;29.9348
N-t65b11xx;5;Gradient_100_0.1_superlinear;354705;9.63987
N-t59f11xx;19;Gradient_100_0.1_superlinear;122501;9.85196
N-t65d11xx;12;Gradient_100_0.1_superlinear;235881;9.51415
N-t65d11xx;18;Gradient_100_0.1_superlinear;235823;7.8802
N-t59n11xx;17;Gradient_100_0.1_superlinear;20871;9.4917
N-t59i11xx;19;Gradient_100_0.1_superlinear;8259901;9.7335
N-t59f11xx;20;Gradient_100_0.1_superlinear;122468;8.21186
N-t65f11xx;18;Gradient_100_0.1_superlinear;216074;7.7312
N-t59n11xx;19;Gradient_100_0.1_superlinear;20866;7.80443
N-t65b11xx;9;Gradient_100_0.1_superlinear;352443;9.93769
N-t59f11xx;18;Gradient_100_0.1_superlinear;122456;9.76477
N-t65l11xx;14;Gradient_100_0.1_superlinear;16719;9.7804
N-t65l11xx;3;Gradient_100_0.1_superlinear;16714;8.32161
N-t65f11xx;7;Gradient_100_0.1_superlinear;215990;9.3614
N-t65d11xx;17;Gradient_100_0.1_superlinear;237057;9.49991
N-t65f11xx;8;Gradient_100_0.1_superlinear;215898;9.39529
N-t65n11xx;8;Gradient_100_0.1_superlinear;32052;8.21523
N-t65f11xx;9;Gradient_100_0.1_superlinear;216125;9.43011
N-t65b11xx;14;Gradient_100_0.1_superlinear;354111;8.63351
N-t65d11xx;14;Gradient_100_0.1_superlinear;233919;9.7067
N-t65n11xx;3;Gradient_100_0.1_superlinear;32081;9.6351
N-t59i11xx;9;Gradient_100_0.1_superlinear;8257295;8.19754
N-t65f11xx;5;Gradient_100_0.1_superlinear;216162;9.80394
N-stabu75;18;Gradient_100_0.1_superlinear;548085;30.147
N-t65i11xx;2;Gradient_100_0.1_superlinear;14448787;9.73589
N-t65f11xx;19;Gradient_100_0.1_superlinear;215991;9.7278
N-t65b11xx;20;Gradient_100_0.1_superlinear;355001;9.93496
N-t65d11xx;6;Gradient_100_0.1_superlinear;235759;7.96017
N-t65d11xx;10;Gradient_100_0.1_superlinear;235870;9.56938
N-t59i11xx;8;Gradient_100_0.1_superlinear;8257506;9.7201
N-t65i11xx;3;Gradient_100_0.1_superlinear;14450545;10.1498
N-t59i11xx;18;Gradient_100_0.1_superlinear;8257219;9.74653
N-t65b11xx;15;Gradient_100_0.1_superlinear;354776;10.0811
N-t65n11xx;14;Gradient_100_0.1_superlinear;32076;9.77755
N-t65f11xx;15;Gradient_100_0.1_superlinear;216177;9.50561
N-t65f11xx;1;Gradient_100_0.1_superlinear;215946;9.54161
N-t59i11xx;12;Gradient_100_0.1_superlinear;8257521;9.70652
N-t65i11xx;11;Gradient_100_0.1_superlinear;14456527;9.69107
N-t65d11xx;3;Gradient_100_0.1_superlinear;236972;9.46567
N-t65l11xx;1;Gradient_100_0.1_superlinear;16671;9.30054
N-t65n11xx;12;Gradient_100_0.1_superlinear;32083;9.59092
N-t65l11xx;2;Gradient_100_0.1_superlinear;16719;9.42352
N-t65b11xx;16;Gradient_100_0.1_superlinear;354670;10.0698
N-t65i11xx;20;Gradient_100_0.1_superlinear;14453647;8.40715
N-t65n11xx;1;Gradient_100_0.1_superlinear;32049;9.83363
N-t65l11xx;17;Gradient_100_0.1_superlinear;16694;9.50948
N-t59n11xx;5;Gradient_100_0.1_superlinear;20870;9.45329
N-t65n11xx;5;Gradient_100_0.1_superlinear;32080;9.67003
N-t65f11xx;14;Gradient_100_0.1_superlinear;216054;9.394
N-t65f11xx;17;Gradient_100_0.1_superlinear;216158;9.85439
N-t65i11xx;4;Gradient_100_0.1_superlinear;14456766;9.67501
N-t65b11xx;3;Gradient_100_0.1_superlinear;353567;9.65235
N-t65n11xx;17;Gradient_100_0.1_superlinear;32035;8.34175
N-t65w11xx;13;Gradient_100_0.1_superlinear;137720401;9.86027
N-t65l11xx;19;Gradient_100_0.1_superlinear;16671;9.59009
N-t65d11xx;8;Gradient_100_0.1_superlinear;236961;7.8698
N-t59n11xx;14;Gradient_100_0.1_superlinear;20872;9.81365
N-t65b11xx;1;Gradient_100_0.1_superlinear;354256;9.9414
N-t65l11xx;4;Gradient_100_0.1_superlinear;16669;7.82036
N-t65i11xx;9;Gradient_100_0.1_superlinear;14454464;10.1342
N-t65l11xx;18;Gradient_100_0.1_superlinear;16702;9.36424
N-t65d11xx;11;Gradient_100_0.1_superlinear;236917;8.172
N-t65b11xx;11;Gradient_100_0.1_superlinear;354719;9.61743
N-t65l11xx;11;Gradient_100_0.1_superlinear;16669;7.77113
N-t65n11xx;4;Gradient_100_0.1_superlinear;32080;9.7387
N-t65w11xx;18;Gradient_100_0.1_superlinear;137712219;10.3031
N-t65i11xx;16;Gradient_100_0.1_superlinear;14457085;9.65089
N-t65d11xx;16;Gradient_100_0.1_superlinear;236946;9.52613
N-t65f11xx;12;Gradient_100_0.1_superlinear;216021;9.83879
N-t65b11xx;13;Gradient_100_0.1_superlinear;354055;10.0892
N-t65w11xx;10;Gradient_100_0.1_superlinear;137663530;9.76954
N-t65i11xx;5;Gradient_100_0.1_superlinear;14454320;10.5427
N-t65b11xx;8;Gradient_100_0.1_superlinear;354665;10.1124
N-t65i11xx;14;Gradient_100_0.1_superlinear;14455432;9.68766
N-t65w11xx;8;Gradient_100_0.1_superlinear;137671912;9.8404
N-t65f11xx;3;Gradient_100_0.1_superlinear;216246;9.8615
N-t65d11xx;1;Gradient_100_0.1_superlinear;236945;8.26269
N-t65i11xx;12;Gradient_100_0.1_superlinear;14455388;8.54999
N-t65d11xx;20;Gradient_100_0.1_superlinear;237064;9.91959
N-t65i11xx;10;Gradient_100_0.1_superlinear;14454211;10.1075
N-t65d11xx;9;Gradient_100_0.1_superlinear;237050;8.45644
N-t69r11xx;1;Gradient_100_0.1_superlinear;767841;9.35288
N-t65l11xx;8;Gradient_100_0.1_superlinear;16671;9.59824
N-t65i11xx;7;Gradient_100_0.1_superlinear;14452346;10.115
N-t65d11xx;7;Gradient_100_0.1_superlinear;236960;8.29586
N-t65i11xx;1;Gradient_100_0.1_superlinear;14454703;10.0571
N-t65d11xx;19;Gradient_100_0.1_superlinear;237034;7.78432
N-t65w11xx;12;Gradient_100_0.1_superlinear;137691997;10.0144
N-t65d11xx;15;Gradient_100_0.1_superlinear;236947;8.34323
N-t65i11xx;13;Gradient_100_0.1_superlinear;14452987;9.65592
N-t70b11xx;2;Gradient_100_0.1_superlinear;527374;8.31766
N-t65l11xx;12;Gradient_100_0.1_superlinear;16674;9.61039
N-t70b11xx;8;Gradient_100_0.1_superlinear;527407;7.8265
N-t65l11xx;16;Gradient_100_0.1_superlinear;16693;9.41586
N-t70b11xx;5;Gradient_100_0.1_superlinear;526139;9.56521
N-t70b11xx;13;Gradient_100_0.1_superlinear;527306;10.0699
N-t65f11xx;20;Gradient_100_0.1_superlinear;216249;9.46587
N-t70d11xx;1;Gradient_100_0.1_superlinear;374410;9.64625
N-t65f11xx;4;Gradient_100_0.1_superlinear;216132;9.67893
N-t65n11xx;6;Gradient_100_0.1_superlinear;32083;9.61972
N-t65w11xx;4;Gradient_100_0.1_superlinear;137698660;10.2561
N-t65l11xx;7;Gradient_100_0.1_superlinear;16700;9.82572
N-t65l11xx;13;Gradient_100_0.1_superlinear;16716;9.33963
N-t65f11xx;2;Gradient_100_0.1_superlinear;216324;9.8769
N-t69r11xx;20;Gradient_100_0.1_superlinear;767688;9.31517
N-t65n11xx;10;Gradient_100_0.1_superlinear;32082;9.61405
N-t65w11xx;20;Gradient_100_0.1_superlinear;137719159;9.87946
N-t70b11xx;19;Gradient_100_0.1_superlinear;526491;9.76249
N-t65w11xx;1;Gradient_100_0.1_superlinear;137730230;8.63858
N-t69r11xx;5;Gradient_100_0.1_superlinear;767729;9.38922
N-t65i11xx;15;Gradient_100_0.1_superlinear;14453305;8.5168
N-t65w11xx;11;Gradient_100_0.1_superlinear;137722520;10.2406
N-t70d11xxb;5;Gradient_100_0.1_superlinear;365395;7.90049
N-t65w11xx;7;Gradient_100_0.1_superlinear;137700894;8.4657
N-t65n11xx;18;Gradient_100_0.1_superlinear;32082;9.91955
N-t65f11xx;16;Gradient_100_0.1_superlinear;216389;9.55171
N-t69r11xx;13;Gradient_100_0.1_superlinear;767659;8.14721
N-t65i11xx;6;Gradient_100_0.1_superlinear;14452207;10.1299
N-t70d11xx;20;Gradient_100_0.1_superlinear;374928;8.30711
N-t65i11xx;18;Gradient_100_0.1_superlinear;14453444;9.89371
N-t65l11xx;15;Gradient_100_0.1_superlinear;16701;9.47309
N-t65w11xx;19;Gradient_100_0.1_superlinear;137664346;10.1512
N-t65l11xx;20;Gradient_100_0.1_superlinear;16696;9.44284
N-t70d11xxb;18;Gradient_100_0.1_superlinear;365377;8.30446
N-t70d11xx;5;Gradient_100_0.1_superlinear;375253;10.0969
N-t65n11xx;15;Gradient_100_0.1_superlinear;32081;8.03156
N-t65n11xx;11;Gradient_100_0.1_superlinear;32079;10.0675
N-t65w11xx;15;Gradient_100_0.1_superlinear;137685651;8.62471
N-t65l11xx;6;Gradient_100_0.1_superlinear;16690;9.33402
N-t65w11xx;17;Gradient_100_0.1_superlinear;137688633;10.2676
N-t65n11xx;2;Gradient_100_0.1_superlinear;32082;10.2189
N-t65n11xx;9;Gradient_100_0.1_superlinear;32083;7.93725
N-t69r11xx;2;Gradient_100_0.1_superlinear;767719;9.70781
N-t65i11xx;19;Gradient_100_0.1_superlinear;14455348;9.71849
N-t70d11xx;15;Gradient_100_0.1_superlinear;374971;9.84586
N-t65l11xx;5;Gradient_100_0.1_superlinear;16668;8.39366
N-t65w11xx;5;Gradient_100_0.1_superlinear;137702955;9.9339
N-t70d11xx;13;Gradient_100_0.1_superlinear;375553;8.25057
N-t65n11xx;19;Gradient_100_0.1_superlinear;32083;9.68145
N-t65l11xx;10;Gradient_100_0.1_superlinear;16669;7.70507
N-t69r11xx;15;Gradient_100_0.1_superlinear;767640;9.54405
N-t69r11xx;3;Gradient_100_0.1_superlinear;767601;9.41566
N-t69r11xx;19;Gradient_100_0.1_superlinear;767619;8.23577
N-t65n11xx;16;Gradient_100_0.1_superlinear;32074;9.70632
N-t70f11xx;4;Gradient_100_0.1_superlinear;358215;9.92584
N-t70b11xx;14;Gradient_100_0.1_superlinear;526580;10.0711
N-t65n11xx;7;Gradient_100_0.1_superlinear;32082;7.85408
N-t69r11xx;11;Gradient_100_0.1_superlinear;767788;9.81043
N-t70d11xxb;20;Gradient_100_0.1_superlinear;365374;10.1431
N-t70b11xx;12;Gradient_100_0.1_superlinear;527423;9.90553
N-t70f11xx;7;Gradient_100_0.1_superlinear;358142;9.81695
N-t69r11xx;14;Gradient_100_0.1_superlinear;767605;9.30908
N-t65l11xx;9;Gradient_100_0.1_superlinear;16671;9.74576
N-t65n11xx;20;Gradient_100_0.1_superlinear;32082;9.63873
N-t70d11xxb;13;Gradient_100_0.1_superlinear;365692;10.1342
N-t70d11xxb;1;Gradient_100_0.1_superlinear;365680;10.0439
N-t65w11xx;2;Gradient_100_0.1_superlinear;137669306;8.17371
N-t70d11xx;6;Gradient_100_0.1_superlinear;374349;10.1068
N-t70b11xx;3;Gradient_100_0.1_superlinear;527361;9.68236
N-t70d11xx;4;Gradient_100_0.1_superlinear;375590;8.55389
N-t65n11xx;13;Gradient_100_0.1_superlinear;32054;8.36407
N-t69r11xx;12;Gradient_100_0.1_superlinear;767609;9.80232
N-t69r11xx;7;Gradient_100_0.1_superlinear;767740;7.97184
N-t69r11xx;4;Gradient_100_0.1_superlinear;767588;7.65425
N-t70d11xx;18;Gradient_100_0.1_superlinear;375982;9.92375
N-t70d11xx;2;Gradient_100_0.1_superlinear;375698;9.90835
N-t69r11xx;6;Gradient_100_0.1_superlinear;767657;9.50567
N-t70b11xx;4;Gradient_100_0.1_superlinear;526327;9.6383
N-t65w11xx;6;Gradient_100_0.1_superlinear;137686114;9.77705
N-t70b11xx;18;Gradient_100_0.1_superlinear;526523;9.53904
N-t70d11xxb;3;Gradient_100_0.1_superlinear;365259;8.34399
N-t70b11xx;15;Gradient_100_0.1_superlinear;527398;9.83861
N-t70f11xx;16;Gradient_100_0.1_superlinear;358152;9.96885
N-t70d11xx;7;Gradient_100_0.1_superlinear;375548;9.66754
N-t65w11xx;3;Gradient_100_0.1_superlinear;137682669;8.0552
N-t65w11xx;9;Gradient_100_0.1_superlinear;137702384;9.83726
N-t70i11xx;11;Gradient_100_0.1_superlinear;24742591;8.45843
N-t70d11xxb;19;Gradient_100_0.1_superlinear;365745;8.54314
N-t70b11xx;17;Gradient_100_0.1_superlinear;526469;10.0198
N-t70f11xx;8;Gradient_100_0.1_superlinear;358703;7.81713
N-t70f11xx;1;Gradient_100_0.1_superlinear;358653;9.67142
N-t70d11xxb;14;Gradient_100_0.1_superlinear;365692;10.1076
N-t65w11xx;16;Gradient_100_0.1_superlinear;137678257;10.2969
N-t70i11xx;6;Gradient_100_0.1_superlinear;24747451;10.1375
N-t70d11xxb;4;Gradient_100_0.1_superlinear;365275;9.67291
N-t70b11xx;1;Gradient_100_0.1_superlinear;527475;9.51459
N-t70d11xxb;7;Gradient_100_0.1_superlinear;365376;10.1714
N-t70k11xx;3;Gradient_100_0.1_superlinear;60587900;9.44189
N-t70d11xx;12;Gradient_100_0.1_superlinear;375191;9.65427
N-t69r11xx;17;Gradient_100_0.1_superlinear;767673;8.03988
N-t69r11xx;16;Gradient_100_0.1_superlinear;767623;9.34246
N-t69r11xx;18;Gradient_100_0.1_superlinear;767684;9.35373
N-t70b11xx;9;Gradient_100_0.1_superlinear;527327;9.51676
N-t70i11xx;9;Gradient_100_0.1_superlinear;24744963;9.93883
N-t65w11xx;14;Gradient_100_0.1_superlinear;137684160;10.221
N-t70b11xx;7;Gradient_100_0.1_superlinear;527411;9.80232
N-t70f11xx;13;Gradient_100_0.1_superlinear;358198;9.76933
N-t70f11xx;3;Gradient_100_0.1_superlinear;358208;9.58011
N-t70b11xx;10;Gradient_100_0.1_superlinear;527271;10.0947
N-t70k11xx;6;Gradient_100_0.1_superlinear;60589900;9.64924
N-t70k11xx;7;Gradient_100_0.1_superlinear;60600000;8.19785
N-t70b11xx;16;Gradient_100_0.1_superlinear;527308;9.64663
N-t70b11xx;20;Gradient_100_0.1_superlinear;527265;9.84263
N-t70k11xx;12;Gradient_100_0.1_superlinear;60579300;9.53542
N-t70d11xxb;8;Gradient_100_0.1_superlinear;365780;9.75455
N-t70f11xx;14;Gradient_100_0.1_superlinear;358029;7.76139
N-t70d11xx;17;Gradient_100_0.1_superlinear;374866;8.39211
N-t70f11xx;20;Gradient_100_0.1_superlinear;358117;9.49478
N-t70d11xxb;12;Gradient_100_0.1_superlinear;365701;9.79635
N-t69r11xx;10;Gradient_100_0.1_superlinear;767658;9.40725
N-t69r11xx;8;Gradient_100_0.1_superlinear;767615;7.63362
N-t70f11xx;12;Gradient_100_0.1_superlinear;358197;8.03198
N-t69r11xx;9;Gradient_100_0.1_superlinear;767587;7.61774
N-t70b11xx;11;Gradient_100_0.1_superlinear;526608;9.97746
N-t70d11xxb;10;Gradient_100_0.1_superlinear;365728;9.90296
N-t70l11xx;16;Gradient_100_0.1_superlinear;25233;9.80509
N-t70i11xx;3;Gradient_100_0.1_superlinear;24743793;10.2892
N-t70i11xx;1;Gradient_100_0.1_superlinear;24744711;9.85081
N-t70k11xx;9;Gradient_100_0.1_superlinear;60589600;8.35156
N-t70d11xx;3;Gradient_100_0.1_superlinear;374221;10.0714
N-t70d11xx;8;Gradient_100_0.1_superlinear;374324;9.64454
N-t70n11xx;4;Gradient_100_0.1_superlinear;52477;8.28565
N-t70b11xx;6;Gradient_100_0.1_superlinear;526539;9.76781
N-t70f11xx;2;Gradient_100_0.1_superlinear;358270;8.5634
N-t70n11xx;13;Gradient_100_0.1_superlinear;52476;9.57798
N-t70f11xx;19;Gradient_100_0.1_superlinear;357832;9.84841
N-t70d11xxb;11;Gradient_100_0.1_superlinear;365708;10.2198
N-t70l11xx;8;Gradient_100_0.1_superlinear;25253;9.55568
N-t70k11xx;4;Gradient_100_0.1_superlinear;60587100;9.58154
N-t70d11xxb;6;Gradient_100_0.1_superlinear;365650;9.83064
N-t70l11xx;20;Gradient_100_0.1_superlinear;25248;7.87885
N-t70i11xx;20;Gradient_100_0.1_superlinear;24746285;10.364
N-t70n11xx;9;Gradient_100_0.1_superlinear;52482;9.79386
N-t70f11xx;17;Gradient_100_0.1_superlinear;358119;9.53748
N-t70d11xx;14;Gradient_100_0.1_superlinear;375471;9.70164
N-t70l11xx;12;Gradient_100_0.1_superlinear;25253;9.80354
N-t70l11xx;13;Gradient_100_0.1_superlinear;25245;9.78576
N-t70d11xx;9;Gradient_100_0.1_superlinear;374148;9.63364
N-t70n11xx;17;Gradient_100_0.1_superlinear;52452;9.46832
N-t70k11xx;16;Gradient_100_0.1_superlinear;60593000;9.88615
N-t70f11xx;6;Gradient_100_0.1_superlinear;358151;8.12052
N-t70d11xxb;16;Gradient_100_0.1_superlinear;365437;9.78124
N-t70k11xx;10;Gradient_100_0.1_superlinear;60589500;9.9688
N-t70n11xx;1;Gradient_100_0.1_superlinear;52477;9.89088
N-t70k11xx;17;Gradient_100_0.1_superlinear;60585700;9.44286
N-t70u11xx;14;Gradient_100_0.1_superlinear;21675500;9.3087
N-t70w11xx;4;Gradient_100_0.1_superlinear;223652676;8.10021
N-t70d11xx;16;Gradient_100_0.1_superlinear;374120;10.1092
N-t70k11xx;11;Gradient_100_0.1_superlinear;60585700;8.34188
N-t70d11xx;19;Gradient_100_0.1_superlinear;374951;9.83746
N-t70w11xx;1;Gradient_100_0.1_superlinear;223690710;9.7038
N-t70n11xx;7;Gradient_100_0.1_superlinear;52495;7.87635
N-t70d11xxb;15;Gradient_100_0.1_superlinear;365354;9.70889
N-t70f11xx;9;Gradient_100_0.1_superlinear;358158;9.95819
N-t70f11xx;11;Gradient_100_0.1_superlinear;358279;9.63129
N-t70d11xx;10;Gradient_100_0.1_superlinear;375763;9.91767
N-t70d11xxb;2;Gradient_100_0.1_superlinear;365425;9.66053
N-t70l11xx;4;Gradient_100_0.1_superlinear;25253;7.76622
N-t70i11xx;4;Gradient_100_0.1_superlinear;24745492;10.4082
N-t70d11xxb;9;Gradient_100_0.1_superlinear;365674;9.97782
N-t70k11xx;19;Gradient_100_0.1_superlinear;60577000;9.644
N-t70u11xx;2;Gradient_100_0.1_superlinear;21680800;9.76352
N-t70k11xx;8;Gradient_100_0.1_superlinear;60583100;9.80024
N-t70n11xx;6;Gradient_100_0.1_superlinear;52429;8.3771
N-t70d11xxb;17;Gradient_100_0.1_superlinear;365383;10.1756
N-t70u11xx;19;Gradient_100_0.1_superlinear;21676500;9.49039
N-t70l11xx;17;Gradient_100_0.1_superlinear;25245;9.68391
N-t70f11xx;15;Gradient_100_0.1_superlinear;359787;9.65388
N-t70l11xx;5;Gradient_100_0.1_superlinear;25244;9.60442
N-t70n11xx;8;Gradient_100_0.1_superlinear;52500;9.83256
N-t70i11xx;10;Gradient_100_0.1_superlinear;24742845;10.207
N-t70w11xx;9;Gradient_100_0.1_superlinear;223624378;7.89646
N-t70i11xx;16;Gradient_100_0.1_superlinear;24744118;8.35976
N-t70i11xx;5;Gradient_100_0.1_superlinear;24745825;9.83346
N-t70k11xx;1;Gradient_100_0.1_superlinear;60585400;8.14793
N-t70f11xx;10;Gradient_100_0.1_superlinear;358132;8.44426
N-t70k11xx;5;Gradient_100_0.1_superlinear;60592300;9.9856
N-t70i11xx;13;Gradient_100_0.1_superlinear;24769523;8.63375
N-t70l11xx;6;Gradient_100_0.1_superlinear;25247;8.36272
N-t70l11xx;18;Gradient_100_0.1_superlinear;25243;9.82922
N-t70l11xx;10;Gradient_100_0.1_superlinear;25253;7.7349
N-t70i11xx;2;Gradient_100_0.1_superlinear;24746149;9.76383
N-t70u11xx;20;Gradient_100_0.1_superlinear;21675000;9.30727
N-t70u11xx;15;Gradient_100_0.1_superlinear;21677100;9.29923
N-t70u11xx;13;Gradient_100_0.1_superlinear;21675700;7.7286
N-t70k11xx;20;Gradient_100_0.1_superlinear;60588200;8.42514
N-t70n11xx;16;Gradient_100_0.1_superlinear;52479;9.44569
N-t70l11xx;9;Gradient_100_0.1_superlinear;25243;9.55045
N-t70n11xx;3;Gradient_100_0.1_superlinear;52209;7.9561
N-t70n11xx;20;Gradient_100_0.1_superlinear;52491;8.39632
N-t70u11xx;9;Gradient_100_0.1_superlinear;21676500;9.26909
N-t70n11xx;2;Gradient_100_0.1_superlinear;52525;9.73797
N-t70i11xx;15;Gradient_100_0.1_superlinear;24769294;8.05086
N-t70f11xx;5;Gradient_100_0.1_superlinear;358120;9.97437
N-t70u11xx;4;Gradient_100_0.1_superlinear;21665000;9.47836
N-t70l11xx;1;Gradient_100_0.1_superlinear;25250;7.98954
N-t70i11xx;12;Gradient_100_0.1_superlinear;24744690;10.1831
N-t70x11xx;13;Gradient_100_0.1_superlinear;283109610;9.77194
N-t70f11xx;18;Gradient_100_0.1_superlinear;358270;9.95451
N-t70u11xx;3;Gradient_100_0.1_superlinear;21667900;7.59894
N-t70u11xx;5;Gradient_100_0.1_superlinear;21676300;10.0468
N-t74d11xx;12;Gradient_100_0.1_superlinear;565019;8.32396
N-t70n11xx;5;Gradient_100_0.1_superlinear;52475;9.89407
N-t70u11xx;11;Gradient_100_0.1_superlinear;21663400;9.59321
N-t70w11xx;6;Gradient_100_0.1_superlinear;223693412;9.82143
N-t74d11xx;8;Gradient_100_0.1_superlinear;565553;9.77119
N-t70i11xx;18;Gradient_100_0.1_superlinear;24747489;10.2275
N-t70x11xx;5;Gradient_100_0.1_superlinear;283209319;8.41322
N-t70i11xx;17;Gradient_100_0.1_superlinear;24771922;10.0239
N-t70x11xx;2;Gradient_100_0.1_superlinear;283156871;8.31754
N-t70n11xx;11;Gradient_100_0.1_superlinear;52482;9.5718
N-t70i11xx;19;Gradient_100_0.1_superlinear;24743959;8.10282
N-t70i11xx;7;Gradient_100_0.1_superlinear;24745642;9.84823
N-t70k11xx;13;Gradient_100_0.1_superlinear;60590500;9.92248
N-t70k11xx;18;Gradient_100_0.1_superlinear;60598200;9.65321
N-t70l11xx;3;Gradient_100_0.1_superlinear;25244;9.51474
N-t70k11xx;2;Gradient_100_0.1_superlinear;60589700;9.79703
N-t75d11xx;7;Gradient_100_0.1_superlinear;577227;8.64566
N-t70l11xx;2;Gradient_100_0.1_superlinear;25253;9.40754
N-t70i11xx;8;Gradient_100_0.1_superlinear;24769223;9.87929
N-t70u11xx;1;Gradient_100_0.1_superlinear;21677100;8.10558
N-t70x11xx;17;Gradient_100_0.1_superlinear;283138945;9.66582
N-t70x11xx;18;Gradient_100_0.1_superlinear;283062294;9.69228
N-t70l11xx;7;Gradient_100_0.1_superlinear;25246;9.51848
N-t70l11xx;15;Gradient_100_0.1_superlinear;25253;9.37635
N-t70i11xx;14;Gradient_100_0.1_superlinear;24741503;10.3548
N-t70l11xx;14;Gradient_100_0.1_superlinear;25253;9.71748
N-t70u11xx;10;Gradient_100_0.1_superlinear;21674500;9.69722
N-t70x11xx;4;Gradient_100_0.1_superlinear;283068890;9.6229
N-t70k11xx;15;Gradient_100_0.1_superlinear;60576900;7.82856
N-t70w11xx;12;Gradient_100_0.1_superlinear;223667829;9.75163
N-t70u11xx;16;Gradient_100_0.1_superlinear;21674300;9.2193
N-t74d11xx;18;Gradient_100_0.1_superlinear;565386;10.0409
N-t70w11xx;19;Gradient_100_0.1_superlinear;223705286;10.122
N-t75d11xx;5;Gradient_100_0.1_superlinear;577219;10.2451
N-t75d11xx;15;Gradient_100_0.1_superlinear;577156;8.00928
N-t70u11xx;18;Gradient_100_0.1_superlinear;21677600;9.59438
N-t70n11xx;15;Gradient_100_0.1_superlinear;52510;10.0134
N-t75e11xx;4;Gradient_100_0.1_superlinear;2731370;7.94623
N-t70u11xx;17;Gradient_100_0.1_superlinear;21665300;9.21248
N-t70w11xx;20;Gradient_100_0.1_superlinear;223637537;10.1528
N-t75d11xx;16;Gradient_100_0.1_superlinear;577214;8.50265
N-t70w11xx;2;Gradient_100_0.1_superlinear;223702561;10.1547
N-t74d11xx;17;Gradient_100_0.1_superlinear;565622;10.1365
N-t70u11xx;8;Gradient_100_0.1_superlinear;21510400;9.1163
N-t70w11xx;7;Gradient_100_0.1_superlinear;222206169;9.7306
N-t70n11xx;14;Gradient_100_0.1_superlinear;52460;7.9858
N-t70k11xx;14;Gradient_100_0.1_superlinear;60600000;9.96141
N-t75e11xx;9;Gradient_100_0.1_superlinear;2730213;8.52025
N-t70x11xx;3;Gradient_100_0.1_superlinear;283163777;10.0747
N-t70u11xx;12;Gradient_100_0.1_superlinear;21676900;9.28667
N-t70w11xx;11;Gradient_100_0.1_superlinear;223698600;9.74617
N-t75e11xx;16;Gradient_100_0.1_superlinear;2731201;7.91116
N-t70x11xx;6;Gradient_100_0.1_superlinear;283134652;9.95342
N-t70u11xx;6;Gradient_100_0.1_superlinear;21675900;9.61339
N-t70l11xx;11;Gradient_100_0.1_superlinear;25251;9.87557
N-t70n11xx;12;Gradient_100_0.1_superlinear;52506;9.53021
N-t75e11xx;10;Gradient_100_0.1_superlinear;2730982;9.96861
N-t70w11xx;17;Gradient_100_0.1_superlinear;223390239;10.0965
N-t70w11xx;16;Gradient_100_0.1_superlinear;223680071;7.95855
N-t70u11xx;7;Gradient_100_0.1_superlinear;21676300;9.2721
N-t70n11xx;19;Gradient_100_0.1_superlinear;52487;9.46767
N-t70x11xx;20;Gradient_100_0.1_superlinear;283138419;9.91827
N-t75i11xx;8;Gradient_100_0.1_superlinear;63524845;9.81395
N-t70x11xx;14;Gradient_100_0.1_superlinear;283245723;8.44886
N-t75e11xx;1;Gradient_100_0.1_superlinear;2729399;8.46384
N-t70n11xx;18;Gradient_100_0.1_superlinear;52220;7.98452
N-t70l11xx;19;Gradient_100_0.1_superlinear;25252;9.74365
N-t75d11xx;14;Gradient_100_0.1_superlinear;577072;9.74872
N-t74d11xx;4;Gradient_100_0.1_superlinear;565315;8.48682
N-t70w11xx;15;Gradient_100_0.1_superlinear;223534813;8.46363
N-t70w11xx;18;Gradient_100_0.1_superlinear;223101943;9.65053
N-t75i11xx;15;Gradient_100_0.1_superlinear;63417289;9.78328
N-t74d11xx;6;Gradient_100_0.1_superlinear;565765;10.1636
N-t70x11xx;9;Gradient_100_0.1_superlinear;283167515;9.91822
N-t70n11xx;10;Gradient_100_0.1_superlinear;52488;9.60257
N-t75i11xx;16;Gradient_100_0.1_superlinear;63527626;8.23636
N-t75e11xx;12;Gradient_100_0.1_superlinear;2730327;8.38927
N-t74d11xx;2;Gradient_100_0.1_superlinear;565714;9.73581
N-t70w11xx;13;Gradient_100_0.1_superlinear;223656261;9.96165
N-t75i11xx;17;Gradient_100_0.1_superlinear;63429018;10.2519

N-t74d11xx;5;Gradient_100_0.1_superlinear;565397;9.77415
N-t75n11xx;3;Gradient_100_0.1_superlinear;93292;8.00436
N-t74d11xx;10;Gradient_100_0.1_superlinear;565528;8.47223
N-t75e11xx;13;Gradient_100_0.1_superlinear;2733336;8.17649
N-t70w11xx;10;Gradient_100_0.1_superlinear;223639312;7.96768
N-t75e11xx;19;Gradient_100_0.1_superlinear;2730883;8.47433
N-t70w11xx;5;Gradient_100_0.1_superlinear;223596320;9.86122
N-t75d11xx;4;Gradient_100_0.1_superlinear;577221;9.90173
N-t75d11xx;2;Gradient_100_0.1_superlinear;577230;10.2058
N-t74d11xx;16;Gradient_100_0.1_superlinear;565564;9.72119
N-t74d11xx;19;Gradient_100_0.1_superlinear;565545;10.0421
N-t70w11xx;8;Gradient_100_0.1_superlinear;223634949;9.6843
N-t75e11xx;5;Gradient_100_0.1_superlinear;2730917;9.60493
N-t75k11xx;18;Gradient_100_0.1_superlinear;108675;9.84261
N-t74d11xx;7;Gradient_100_0.1_superlinear;564866;9.70163
N-t75e11xx;18;Gradient_100_0.1_superlinear;2730428;9.69799
N-t75d11xx;3;Gradient_100_0.1_superlinear;576884;10.0329
N-t70x11xx;8;Gradient_100_0.1_superlinear;283110689;9.69994
N-t75d11xx;1;Gradient_100_0.1_superlinear;577141;8.00776
N-t75e11xx;15;Gradient_100_0.1_superlinear;2731890;9.92662
N-t70w11xx;3;Gradient_100_0.1_superlinear;223699436;9.91027
N-t75i11xx;18;Gradient_100_0.1_superlinear;63519589;9.9759
N-t70w11xx;14;Gradient_100_0.1_superlinear;222042543;8.0121
N-t70x11xx;12;Gradient_100_0.1_superlinear;283072117;9.66413
N-t75i11xx;4;Gradient_100_0.1_superlinear;63436008;9.92504
N-t75n11xx;5;Gradient_100_0.1_superlinear;93257;10.199
N-t75e11xx;11;Gradient_100_0.1_superlinear;2731028;10.1171
N-t75n11xx;9;Gradient_100_0.1_superlinear;93324;9.79182
N-t75d11xx;8;Gradient_100_0.1_superlinear;577315;10.2323
N-t70x11xx;15;Gradient_100_0.1_superlinear;283089397;10.0997
N-t70x11xx;11;Gradient_100_0.1_superlinear;283109246;10.1595
N-t75d11xx;9;Gradient_100_0.1_superlinear;577191;10.2618
N-t75n11xx;15;Gradient_100_0.1_superlinear;93292;9.75439
N-t75d11xx;20;Gradient_100_0.1_superlinear;577212;10.2641
N-t75n11xx;19;Gradient_100_0.1_superlinear;93301;9.99307
N-t75e11xx;6;Gradient_100_0.1_superlinear;2734239;9.63087
N-t75k11xx;20;Gradient_100_0.1_superlinear;108736;7.85019
N-t75i11xx;13;Gradient_100_0.1_superlinear;63469239;8.07371
N-t75k11xx;6;Gradient_100_0.1_superlinear;108782;9.47703
N-t75n11xx;17;Gradient_100_0.1_superlinear;93312;7.9828
N-t75n11xx;1;Gradient_100_0.1_superlinear;93310;10.1921
N-t75n11xx;4;Gradient_100_0.1_superlinear;93320;9.83966
N-t70x11xx;7;Gradient_100_0.1_superlinear;281735942;8.57567
N-t75n11xx;8;Gradient_100_0.1_superlinear;93294;10.0495
N-t70x11xx;1;Gradient_100_0.1_superlinear;282126620;9.73264
N-t74d11xx;3;Gradient_100_0.1_superlinear;564847;10.1681
N-t75k11xx;17;Gradient_100_0.1_superlinear;108721;9.49128
N-t75n11xx;13;Gradient_100_0.1_superlinear;93271;8.63184
N-t75u11xx;10;Gradient_100_0.1_superlinear;52639722;8.45961
N-t74d11xx;15;Gradient_100_0.1_superlinear;565597;7.99965
N-t75i11xx;1;Gradient_100_0.1_superlinear;63522674;9.84675
N-t75e11xx;7;Gradient_100_0.1_superlinear;2732976;9.67899
N-t75n11xx;6;Gradient_100_0.1_superlinear;93290;8.08513
N-t70x11xx;16;Gradient_100_0.1_superlinear;283172883;9.71867
N-t75d11xx;11;Gradient_100_0.1_superlinear;571935;10.1379
N-t75k11xx;15;Gradient_100_0.1_superlinear;108715;9.47412
N-t75u11xx;17;Gradient_100_0.1_superlinear;52640902;9.56725
N-t75k11xx;2;Gradient_100_0.1_superlinear;108702;9.5721
N-t74d11xx;13;Gradient_100_0.1_superlinear;565646;9.95173
N-t75e11xx;2;Gradient_100_0.1_superlinear;2731199;8.456
N-t70x11xx;19;Gradient_100_0.1_superlinear;283127629;10.1401
N-t75n11xx;10;Gradient_100_0.1_superlinear;93272;9.81254
N-t75i11xx;3;Gradient_100_0.1_superlinear;63438514;8.00955
N-t75e11xx;8;Gradient_100_0.1_superlinear;2732128;8.33238
N-t75d11xx;6;Gradient_100_0.1_superlinear;577235;10.0487
N-t75u11xx;4;Gradient_100_0.1_superlinear;52635698;7.82783
N-t75i11xx;12;Gradient_100_0.1_superlinear;63435663;9.76788
N-t75i11xx;7;Gradient_100_0.1_superlinear;63524175;9.93028
N-t75d11xx;10;Gradient_100_0.1_superlinear;577155;10.1856
N-t75u11xx;7;Gradient_100_0.1_superlinear;52644416;9.66184
N-t74d11xx;11;Gradient_100_0.1_superlinear;565023;10.1029
N-t74d11xx;1;Gradient_100_0.1_superlinear;564610;9.68815
N-t75d11xx;19;Gradient_100_0.1_superlinear;577079;8.6362
N-t75i11xx;14;Gradient_100_0.1_superlinear;63531932;9.81431
N-t74d11xx;9;Gradient_100_0.1_superlinear;565366;9.74083
N-t75k11xx;12;Gradient_100_0.1_superlinear;108707;9.99726
N-t75n11xx;7;Gradient_100_0.1_superlinear;93305;10.174
N-t75d11xx;17;Gradient_100_0.1_superlinear;577099;9.76944
N-t74d11xx;20;Gradient_100_0.1_superlinear;565313;9.78622
N-t75e11xx;20;Gradient_100_0.1_superlinear;2732239;9.94377
N-t75k11xx;5;Gradient_100_0.1_superlinear;108680;8.33092
N-t75i11xx;10;Gradient_100_0.1_superlinear;63512852;10.1381
N-t75u11xx;20;Gradient_100_0.1_superlinear;52636997;9.83631
N-t75n11xx;16;Gradient_100_0.1_superlinear;93315;9.75144
N-t75n11xx;12;Gradient_100_0.1_superlinear;93294;8.18457
N-t75k11xx;19;Gradient_100_0.1_superlinear;108723;9.91479
N-t75e11xx;3;Gradient_100_0.1_superlinear;2730333;10.2828
N-t75d11xx;13;Gradient_100_0.1_superlinear;577208;10.2349
N-t75k11xx;3;Gradient_100_0.1_superlinear;108694;9.55805
N-t75u11xx;6;Gradient_100_0.1_superlinear;52641723;9.47734
N-t75k11xx;8;Gradient_100_0.1_superlinear;108698;9.569
N-t75e11xx;17;Gradient_100_0.1_superlinear;2731119;10.0886
N-t75i11xx;6;Gradient_100_0.1_superlinear;63470833;10.2868
N-t75i11xx;11;Gradient_100_0.1_superlinear;63408969;8.60377
N-t75d11xx;18;Gradient_100_0.1_superlinear;577284;8.25835
N-t75i11xx;2;Gradient_100_0.1_superlinear;63524043;10.2436
N-t75u11xx;9;Gradient_100_0.1_superlinear;52642721;8.15621
N-t75k11xx;14;Gradient_100_0.1_superlinear;108726;7.75274
N-t75d11xx;12;Gradient_100_0.1_superlinear;577258;9.83404
N-t75u11xx;18;Gradient_100_0.1_superlinear;52638975;9.95213
N-t75u11xx;13;Gradient_100_0.1_superlinear;52647661;9.80223
N-t75u11xx;1;Gradient_100_0.1_superlinear;52642306;9.59733
N-t75i11xx;9;Gradient_100_0.1_superlinear;63430093;9.75913
N-t75u11xx;19;Gradient_100_0.1_superlinear;52643626;9.61596
N-t75k11xx;1;Gradient_100_0.1_superlinear;108747;8.24417
N-t75i11xx;19;Gradient_100_0.1_superlinear;63434788;9.95243
N-t75u11xx;5;Gradient_100_0.1_superlinear;52638195;10.0253
N-t75i11xx;20;Gradient_100_0.1_superlinear;63436998;10.0666
N-t75n11xx;11;Gradient_100_0.1_superlinear;93267;10.2798
N-t75k11xx;13;Gradient_100_0.1_superlinear;108704;9.47198
N-t75k11xx;9;Gradient_100_0.1_superlinear;108708;9.41588
N-t75e11xx;14;Gradient_100_0.1_superlinear;2730637;9.65119
N-t75i11xx;5;Gradient_100_0.1_superlinear;63438721;8.59083
N-t75k11xx;11;Gradient_100_0.1_superlinear;108700;9.78487
N-tiw56n54;9;Gradient_100_0.1_superlinear;91244;20.1012
N-t75u11xx;3;Gradient_100_0.1_superlinear;52647287;9.96674
N-t75k11xx;7;Gradient_100_0.1_superlinear;108696;9.51453
N-t75u11xx;16;Gradient_100_0.1_superlinear;52643429;9.70573
N-t75u11xx;2;Gradient_100_0.1_superlinear;52639781;9.50797
N-tiw56n54;10;Gradient_100_0.1_superlinear;91206;19.8827
N-t75n11xx;14;Gradient_100_0.1_superlinear;93320;10.1454
N-t75n11xx;20;Gradient_100_0.1_superlinear;93309;10.2241
N-t75k11xx;10;Gradient_100_0.1_superlinear;108783;9.92888
N-tiw56n54;1;Gradient_100_0.1_superlinear;91193;20.7213
N-t75u11xx;12;Gradient_100_0.1_superlinear;52647828;9.83053
N-t75k11xx;4;Gradient_100_0.1_superlinear;108692;9.47802
N-tiw56n54;15;Gradient_100_0.1_superlinear;91176;24.6418
N-t75u11xx;15;Gradient_100_0.1_superlinear;52645190;8.37573
N-tiw56n54;3;Gradient_100_0.1_superlinear;91224;23.5887
N-tiw56n58;7;Gradient_100_0.1_superlinear;124777;23.9304
N-tiw56n62;3;Gradient_100_0.1_superlinear;176088;19.9645
N-tiw56n58;9;Gradient_100_0.1_superlinear;124832;20.5173
N-tiw56n54;12;Gradient_100_0.1_superlinear;91229;23.7845
N-t75k11xx;16;Gradient_100_0.1_superlinear;108698;9.42847
N-t75n11xx;18;Gradient_100_0.1_superlinear;93279;9.89497
N-t75n11xx;2;Gradient_100_0.1_superlinear;93286;10.2102
N-tiw56n58;17;Gradient_100_0.1_superlinear;124766;23.8647
N-t75u11xx;8;Gradient_100_0.1_superlinear;52637439;9.81458
N-tiw56n58;1;Gradient_100_0.1_superlinear;124823;24.4852
N-t75u11xx;14;Gradient_100_0.1_superlinear;52646487;8.14229
N-tiw56n54;4;Gradient_100_0.1_superlinear;91198;24.2283
N-tiw56n62;8;Gradient_100_0.1_superlinear;176144;23.7156
N-tiw56n58;13;Gradient_100_0.1_superlinear;124765;24.5482
N-tiw56n58;11;Gradient_100_0.1_superlinear;124826;24.5937
N-tiw56n62;11;Gradient_100_0.1_superlinear;176234;24.2367
N-tiw56n54;5;Gradient_100_0.1_superlinear;91223;24.5692
N-tiw56n58;2;Gradient_100_0.1_superlinear;124872;24.671
N-t75u11xx;11;Gradient_100_0.1_superlinear;52647151;7.79325
N-tiw56n62;2;Gradient_100_0.1_superlinear;176164;23.6194
N-tiw56n54;6;Gradient_100_0.1_superlinear;91226;24.3596
N-tiw56n58;20;Gradient_100_0.1_superlinear;124814;24.6594
N-tiw56n66;18;Gradient_100_0.1_superlinear;225343;23.588
N-tiw56n62;20;Gradient_100_0.1_superlinear;176059;24.2315
N-tiw56n54;14;Gradient_100_0.1_superlinear;91218;23.7557
N-tiw56n66;19;Gradient_100_0.1_superlinear;225236;21.0125
N-tiw56n66;1;Gradient_100_0.1_superlinear;225281;24.0014
N-tiw56n54;8;Gradient_100_0.1_superlinear;91211;19.9184
N-tiw56n62;7;Gradient_100_0.1_superlinear;176180;24.6758
N-tiw56n58;10;Gradient_100_0.1_superlinear;124832;23.6718
N-tiw56n66;5;Gradient_100_0.1_superlinear;225223;24.6483
N-tiw56n58;14;Gradient_100_0.1_superlinear;124781;23.5811
N-tiw56n62;12;Gradient_100_0.1_superlinear;176165;24.692
N-tiw56n62;14;Gradient_100_0.1_superlinear;176054;20.9163
N-tiw56n62;13;Gradient_100_0.1_superlinear;176182;24.5307
N-tiw56n54;19;Gradient_100_0.1_superlinear;91223;23.7634
N-tiw56n67;12;Gradient_100_0.1_superlinear;224676;24.6315
N-tiw56n67;10;Gradient_100_0.1_superlinear;225425;23.4024
N-tiw56n54;13;Gradient_100_0.1_superlinear;91246;20.816
N-tiw56n58;6;Gradient_100_0.1_superlinear;124802;24.233
N-tiw56n62;17;Gradient_100_0.1_superlinear;176143;23.8152
N-tiw56n72;2;Gradient_100_0.1_superlinear;363984;24.2919
N-tiw56n67;8;Gradient_100_0.1_superlinear;225456;24.6267
N-tiw56n66;8;Gradient_100_0.1_superlinear;225727;23.629
N-tiw56n62;10;Gradient_100_0.1_superlinear;176112;24.6172
N-tiw56n72;11;Gradient_100_0.1_superlinear;364124;20.6081
N-tiw56n66;4;Gradient_100_0.1_superlinear;224745;23.3706
N-tiw56n54;2;Gradient_100_0.1_superlinear;91192;20.7624
N-tiw56n66;13;Gradient_100_0.1_superlinear;225230;24.3514
N-tiw56n72;1;Gradient_100_0.1_superlinear;364049;20.5442
N-tiw56n62;1;Gradient_100_0.1_superlinear;176130;24.2272
N-tiw56n67;5;Gradient_100_0.1_superlinear;225408;23.5502
N-tiw56n62;4;Gradient_100_0.1_superlinear;176039;20.1618
N-tiw56n54;20;Gradient_100_0.1_superlinear;91210;24.6031
N-tiw56n66;11;Gradient_100_0.1_superlinear;225273;24.669
N-tiw56n58;5;Gradient_100_0.1_superlinear;124830;20.4605
N-tiw56n72;16;Gradient_100_0.1_superlinear;364042;23.2313
N-tiw56n66;14;Gradient_100_0.1_superlinear;225754;24.6574
N-tiw56n66;2;Gradient_100_0.1_superlinear;225287;23.6343
N-tiw56n67;13;Gradient_100_0.1_superlinear;225082;24.557
N-tiw56n62;5;Gradient_100_0.1_superlinear;176113;23.6107
N-tiw56n67;4;Gradient_100_0.1_superlinear;225507;23.5488
N-tiw56n58;8;Gradient_100_0.1_superlinear;124832;23.7325
N-tiw56n72;20;Gradient_100_0.1_superlinear;363787;24.2136
N-tiw56n62;18;Gradient_100_0.1_superlinear;176113;23.656
N-tiw56n54;17;Gradient_100_0.1_superlinear;91188;24.1913
N-tiw56n67;20;Gradient_100_0.1_superlinear;224715;20.6784
N-tiw56n67;14;Gradient_100_0.1_superlinear;225232;24.2124
N-tiw56n58;15;Gradient_100_0.1_superlinear;124834;24.6878
N-tiw56n54;7;Gradient_100_0.1_superlinear;91260;23.875
N-tiw56n66;12;Gradient_100_0.1_superlinear;225245;20.285
N-tiw56n58;3;Gradient_100_0.1_superlinear;124759;23.4861
N-tiw56n72;8;Gradient_100_0.1_superlinear;363979;23.2139
N-tiw56n58;4;Gradient_100_0.1_superlinear;124758;23.5526
N-tiw56n72;19;Gradient_100_0.1_superlinear;363864;20.5716
N-tiw56r54;1;Gradient_100_0.1_superlinear;102173;20.3548
N-tiw56n62;15;Gradient_100_0.1_superlinear;176085;20.9886
N-tiw56n62;16;Gradient_100_0.1_superlinear;176142;20.0931
N-tiw56n54;16;Gradient_100_0.1_superlinear;91278;23.4077
N-tiw56n72;18;Gradient_100_0.1_superlinear;364044;23.3746
N-tiw56n72;9;Gradient_100_0.1_superlinear;363944;23.2434
N-tiw56n58;16;Gradient_100_0.1_superlinear;124795;24.5095
N-tiw56n62;9;Gradient_100_0.1_superlinear;175999;21.0379
N-tiw56n66;6;Gradient_100_0.1_superlinear;225605;20.9313
N-tiw56n66;9;Gradient_100_0.1_superlinear;225724;20.6549
N-tiw56n66;3;Gradient_100_0.1_superlinear;225453;23.5507
N-tiw56n62;19;Gradient_100_0.1_superlinear;176103;20.4517
N-tiw56n62;6;Gradient_100_0.1_superlinear;176111;20.5213
N-tiw56n67;2;Gradient_100_0.1_superlinear;225509;24.5011
N-tiw56r54;9;Gradient_100_0.1_superlinear;102512;24.8959
N-tiw56n72;12;Gradient_100_0.1_superlinear;364163;24.2829
N-tiw56n54;18;Gradient_100_0.1_superlinear;91228;23.6953
N-tiw56r54;14;Gradient_100_0.1_superlinear;102551;20.8183
N-tiw56r54;2;Gradient_100_0.1_superlinear;102466;24.7623
N-tiw56n67;19;Gradient_100_0.1_superlinear;225178;24.4154
N-tiw56n72;6;Gradient_100_0.1_superlinear;363866;24.3569
N-tiw56n58;12;Gradient_100_0.1_superlinear;124836;24.8534
N-tiw56n66;15;Gradient_100_0.1_superlinear;225574;24.6011
N-tiw56r54;20;Gradient_100_0.1_superlinear;102491;23.5348
N-tiw56r58;8;Gradient_100_0.1_superlinear;128658;23.6289
N-tiw56r54;18;Gradient_100_0.1_superlinear;102499;19.4543
N-tiw56n72;17;Gradient_100_0.1_superlinear;363924;23.1655
N-tiw56n66;7;Gradient_100_0.1_superlinear;225277;24.7233
N-tiw56n72;4;Gradient_100_0.1_superlinear;363438;19.6018
N-tiw56n58;19;Gradient_100_0.1_superlinear;124765;23.4827
N-tiw56r54;5;Gradient_100_0.1_superlinear;102493;24.3893
N-tiw56n58;18;Gradient_100_0.1_superlinear;124813;24.7202
N-tiw56n72;15;Gradient_100_0.1_superlinear;364114;24.6198
N-tiw56n67;11;Gradient_100_0.1_superlinear;225401;20.9247
N-tiw56n67;18;Gradient_100_0.1_superlinear;225426;24.4267
N-tiw56r58;15;Gradient_100_0.1_superlinear;128666;24.1944
N-tiw56n67;7;Gradient_100_0.1_superlinear;225501;20.8875
N-tiw56r58;1;Gradient_100_0.1_superlinear;128701;24.6177
N-tiw56n67;17;Gradient_100_0.1_superlinear;225485;23.932
N-tiw56n66;10;Gradient_100_0.1_superlinear;225151;20.5698
N-tiw56r58;14;Gradient_100_0.1_superlinear;128716;19.3165
N-tiw56r58;13;Gradient_100_0.1_superlinear;129112;24.3049
N-tiw56n67;1;Gradient_100_0.1_superlinear;225180;23.3373
N-tiw56r54;7;Gradient_100_0.1_superlinear;102173;24.5699
N-tiw56r58;5;Gradient_100_0.1_superlinear;128636;24.4682
N-tiw56n72;3;Gradient_100_0.1_superlinear;363858;20.6324
N-tiw56n67;3;Gradient_100_0.1_superlinear;225472;24.5666
N-tiw56r54;16;Gradient_100_0.1_superlinear;102311;24.2107
N-tiw56n66;16;Gradient_100_0.1_superlinear;225653;24.7412
N-tiw56n66;17;Gradient_100_0.1_superlinear;225272;24.792
N-tiw56r66;9;Gradient_100_0.1_superlinear;208492;24.6897
N-tiw56n66;20;Gradient_100_0.1_superlinear;225268;23.6297
N-tiw56r58;16;Gradient_100_0.1_superlinear;128668;24.5866
N-tiw56n72;13;Gradient_100_0.1_superlinear;363925;24.1572
N-tiw56r58;11;Gradient_100_0.1_superlinear;128683;23.9103
N-tiw56r54;8;Gradient_100_0.1_superlinear;102676;24.7265
N-tiw56n67;6;Gradient_100_0.1_superlinear;225300;24.4098
N-tiw56n72;10;Gradient_100_0.1_superlinear;363694;24.3196
N-tiw56r58;18;Gradient_100_0.1_superlinear;128631;23.2422
N-tiw56r58;20;Gradient_100_0.1_superlinear;129116;23.714
N-tiw56r58;3;Gradient_100_0.1_superlinear;128655;23.8216
N-tiw56r54;11;Gradient_100_0.1_superlinear;102139;24.6068
N-tiw56n67;9;Gradient_100_0.1_superlinear;224682;24.6079
N-tiw56r58;2;Gradient_100_0.1_superlinear;128689;23.7623
N-tiw56n67;16;Gradient_100_0.1_superlinear;225438;23.4654
N-tiw56n72;5;Gradient_100_0.1_superlinear;364048;23.3408
N-tiw56r67;12;Gradient_100_0.1_superlinear;221719;19.6755
N-tiw56r54;17;Gradient_100_0.1_superlinear;102473;19.4195
N-tiw56n67;15;Gradient_100_0.1_superlinear;225448;23.5498
N-tiw56r66;3;Gradient_100_0.1_superlinear;208584;19.6227
N-tiw56n72;14;Gradient_100_0.1_superlinear;364088;24.1714
N-tiw56r66;15;Gradient_100_0.1_superlinear;208551;19.8831
N-tiw56r58;12;Gradient_100_0.1_superlinear;128675;24.4848
N-tiw56r66;1;Gradient_100_0.1_superlinear;208433;20.8602
N-tiw56r67;4;Gradient_100_0.1_superlinear;221827;20.6718
N-tiw56r67;8;Gradient_100_0.1_superlinear;222153;23.4298
N-tiw56n72;7;Gradient_100_0.1_superlinear;363599;24.0988
N-tiw56r54;12;Gradient_100_0.1_superlinear;102506;23.7431
N-tiw56r54;19;Gradient_100_0.1_superlinear;102451;23.6509
N-tiw56r66;8;Gradient_100_0.1_superlinear;208657;20.7792
N-tiw56r66;12;Gradient_100_0.1_superlinear;208703;23.6993
N-tiw56r58;6;Gradient_100_0.1_superlinear;128684;20.0272
N-tiw56r54;10;Gradient_100_0.1_superlinear;102646;20.3268
N-tiw56r66;2;Gradient_100_0.1_superlinear;208531;23.7608

N-tiw56r67;14;Gradient_100_0.1_superlinear;221997;24.6134
N-tiw56r54;3;Gradient_100_0.1_superlinear;102529;23.8669
N-tiw56r72;14;Gradient_100_0.1_superlinear;269420;19.5708
N-tiw56r54;4;Gradient_100_0.1_superlinear;102370;24.181
N-tiw56r58;7;Gradient_100_0.1_superlinear;128681;24.3404
N-tiw56r54;6;Gradient_100_0.1_superlinear;102447;20.9043
N-tiw56r72;11;Gradient_100_0.1_superlinear;268634;20.4235
N-tiw56r72;13;Gradient_100_0.1_superlinear;267779;20.3525
N-tiw56r72;1;Gradient_100_0.1_superlinear;268428;23.1246
N-tiw56r72;19;Gradient_100_0.1_superlinear;269139;20.3621
N-tiw56r54;15;Gradient_100_0.1_superlinear;102673;23.6499
N-tiw56r66;14;Gradient_100_0.1_superlinear;208529;22.5622
N-tiw56r67;18;Gradient_100_0.1_superlinear;222087;23.5544
N-tiw56r72;6;Gradient_100_0.1_superlinear;268137;23.4818
N-tiw56r58;9;Gradient_100_0.1_superlinear;129048;24.6553
N-tiw56r66;16;Gradient_100_0.1_superlinear;208541;24.4384
N-tiw56r66;20;Gradient_100_0.1_superlinear;208499;23.6944
N-tiw56r66;18;Gradient_100_0.1_superlinear;208389;24.7871
N-tiw56r72;10;Gradient_100_0.1_superlinear;268983;22.7955
N-tiw56r67;13;Gradient_100_0.1_superlinear;222159;23.3887
N-tiw56r58;4;Gradient_100_0.1_superlinear;128690;24.282
N-tiw56r67;20;Gradient_100_0.1_superlinear;222172;24.2263
N-tiw56r54;13;Gradient_100_0.1_superlinear;102449;24.8117
N-tiw56r67;1;Gradient_100_0.1_superlinear;222295;24.9796
N-tiw56r72;2;Gradient_100_0.1_superlinear;269367;23.9197
N-tiw56r58;17;Gradient_100_0.1_superlinear;129036;24.5767
N-tiw56r66;6;Gradient_100_0.1_superlinear;208351;24.3235
N-tiw56r72;16;Gradient_100_0.1_superlinear;269643;23.3664
N-tiw56r67;2;Gradient_100_0.1_superlinear;222151;20.4915
N-tiw56r66;17;Gradient_100_0.1_superlinear;208452;24.0784
N-tiw56r67;11;Gradient_100_0.1_superlinear;222059;24.2766
N-tiw56r67;19;Gradient_100_0.1_superlinear;221725;23.7966
N-tiw56r67;9;Gradient_100_0.1_superlinear;222209;20.826
N-tiw56r72;5;Gradient_100_0.1_superlinear;268511;24.2215
N-tiw56r66;7;Gradient_100_0.1_superlinear;208478;23.6974
N-tiw56r58;19;Gradient_100_0.1_superlinear;128658;24.115
N-tiw56r66;5;Gradient_100_0.1_superlinear;208321;23.5787
N-tiw56r58;10;Gradient_100_0.1_superlinear;129067;24.6248
N-tiw56r67;7;Gradient_100_0.1_superlinear;222267;20.8506
N-tiw56r72;12;Gradient_100_0.1_superlinear;269235;19.4869
N-tiw56r67;5;Gradient_100_0.1_superlinear;221795;23.5224
N-tiw56r66;10;Gradient_100_0.1_superlinear;208734;21.2423
N-tiw56r67;10;Gradient_100_0.1_superlinear;222207;24.59
N-tiw56r72;7;Gradient_100_0.1_superlinear;268144;19.3464
N-tiw56r72;3;Gradient_100_0.1_superlinear;268501;20.4841
N-tiw56r67;6;Gradient_100_0.1_superlinear;222248;24.0293
N-tiw56r72;8;Gradient_100_0.1_superlinear;269483;23.487
N-tiw56r66;4;Gradient_100_0.1_superlinear;208432;24.622
N-tiw56r67;15;Gradient_100_0.1_superlinear;222242;23.7187
N-tiw56r66;11;Gradient_100_0.1_superlinear;208537;24.8135
N-tiw56r66;13;Gradient_100_0.1_superlinear;208464;24.9329
N-tiw56r72;20;Gradient_100_0.1_superlinear;268586;20.4838
N-tiw56r67;3;Gradient_100_0.1_superlinear;221997;23.4862
N-tiw56r67;17;Gradient_100_0.1_superlinear;222253;23.5797
N-tiw56r72;9;Gradient_100_0.1_superlinear;269501;23.3442
N-tiw56r72;18;Gradient_100_0.1_superlinear;269710;24.5303
N-tiw56r67;16;Gradient_100_0.1_superlinear;222258;24.3995
N-tiw56r72;4;Gradient_100_0.1_superlinear;269334;24.112
N-tiw56r72;17;Gradient_100_0.1_superlinear;269504;23.6781
N-tiw56r72;15;Gradient_100_0.1_superlinear;269349;23.2731
N-usa79;3;Gradient_100_0.1_superlinear;1790428;62.6905
N-usa79;5;Gradient_100_0.1_superlinear;1787756;78.2409
N-usa79;1;Gradient_100_0.1_superlinear;1790052;61.5935
N-usa79;2;Gradient_100_0.1_superlinear;1789606;74.1793
N-usa79;11;Gradient_100_0.1_superlinear;1789876;78.0209
N-usa79;4;Gradient_100_0.1_superlinear;1790166;61.4865
N-usa79;20;Gradient_100_0.1_superlinear;1789880;77.9327
N-usa79;10;Gradient_100_0.1_superlinear;1792346;63.4904
N-usa79;14;Gradient_100_0.1_superlinear;1795949;76.3892
N-usa79;18;Gradient_100_0.1_superlinear;1792499;61.5903
N-usa79;8;Gradient_100_0.1_superlinear;1795705;74.6222
N-usa79;6;Gradient_100_0.1_superlinear;1790269;78.141
N-usa79;9;Gradient_100_0.1_superlinear;1791426;74.7253
N-usa79;12;Gradient_100_0.1_superlinear;1790148;77.725
N-usa79;7;Gradient_100_0.1_superlinear;1790161;74.5592
N-usa79;15;Gradient_100_0.1_superlinear;1790006;75.8242
N-usa79;16;Gradient_100_0.1_superlinear;1790128;74.4502
N-usa79;13;Gradient_100_0.1_superlinear;1796525;76.1352
N-usa79;17;Gradient_100_0.1_superlinear;1790024;75.4374
N-usa79;19;Gradient_100_0.1_superlinear;1790924;74.2225
